<?xml version="1.0" encoding="utf-8"?>
<!DOCTYPE install SYSTEM "http://www.joomla.org/xml/dtd/1.5/component-install.dtd">
<install version="1.5" type="plugin" group="vmshipment">
	<!--  The extension commercial name: make it different form others at JED http://extensions.joomla.org/-->
	<name>Zasilkovna VM2</name>
	<!-- The following elements are optional and free of formatting constraints --> 
	<!-- Original creation date. Recommended: YYYY-MM-DD -->
	<creationDate>2013-06-02</creationDate>
	<author>Zásilkovna s.r.o.</author>
	<authorEmail>technicka.podpora@zasilkovna.cz</authorEmail>
	<authorUrl>http://www.zasilkovna.cz/</authorUrl>
	<copyright>(c) 2013 Zásilkovna s.r.o.</copyright>
	<license>License Info with link</license>
	<!--  The version string is recorded in the components table -->
	<version>1.0</version>
	<!--  The date for the actual version release -->
	<releaseDate>2013-06-02</releaseDate>
	<!--  Type of release: Bug fix, Security Fix, Minor update, Major update -->
	<releaseType>First version</releaseType>
	<downloadUrl>http://www.example.org/downloads/myjoomlaextensions/</downloadUrl>
	<!-- The description is optional and defaults to the name -->
	<description>Zasilkovna.cz VM2 shipment plugin</description>

	<!-- <installfile>install.zasilkovna.php</installfile>            -->
    <!-- <uninstallfile>uninstall.zasilkovna.php</uninstallfile> -->
     <scriptfile>install.zasilkovna.php</scriptfile> 
    <files>
		<filename plugin="zasilkovna">zasilkovna.php</filename>
    </files> 

    <params addpath="/administrator/components/com_virtuemart/elements">
		<param type="vmjpluginwarning" default="xx"/>
	    <param type="spacer" default="" level="level1" />
		<!-- <param name="desc" type="text"  size="15"  default="Rate" label="PLG_VMSHIPMENT_ZASILKOVNA_DESC" description="PLG_VMSHIPMENT_ZASILKOVNA_DESC"/> -->
		<param type="spacer" default="" />
		<param name="country" type="vmzasilkovnacountries"  scope="com_virtuemart" default="" label="PLG_VMSHIPMENT_ZASILKOVNA_COUNTRIES" description="PLG_VMSHIPMENT_ZASILKOVNA_COUNTRIES"/>
		<param name="packet_price_czk" type="text" size="10" default="" label="Cena za dopravu" description="Cena za dopravu"/>	
		<param name="free_shipping_treshold_czk" type="text" size="10" default="-1" label="Minimální cena objednavky pro dopravu zdarma(vypnuto = -1)" description="Minimální cena objednavky pro dopravu zdarma"/>	
		<param name="weight_treshold" type="text" size="10" default="-1" label="Maximální váha objednávky v kg (vypnuto = -1)" description="Maximální váha objednávky"/>		
		<param name="tax_id" type="vmtaxes" scope="com_virtuemart"  label="VMSHIPMENT_WEIGHT_COUNTRIES_TAX" description="VMSHIPMENT_WEIGHT_COUNTRIES_TAX_DESC" />
		<param type="spacer" default="" />			
    </params>
        
 	<media destination="com_zasilkovna">		
		<folder>media</folder>	
		<folder>admin</folder>	
	</media>
	<administration>
		<!-- <languages>
			<language tag="en-GB">en-GB.plg_vmshipment_zasilkovna.ini</language>
        </languages> -->	
	</administration>
</install>